{".env":[".env"],"assets/fonts/CantataOne-Regular.ttf":["assets/fonts/CantataOne-Regular.ttf"],"assets/fonts/Lato-Black.ttf":["assets/fonts/Lato-Black.ttf"],"assets/fonts/PlayfairDisplay-Italic-VariableFont_wght.ttf":["assets/fonts/PlayfairDisplay-Italic-VariableFont_wght.ttf"],"assets/fonts/PlayfairDisplay-VariableFont_wght.ttf":["assets/fonts/PlayfairDisplay-VariableFont_wght.ttf"],"assets/fonts/Raleway-VariableFont_wght.ttf":["assets/fonts/Raleway-VariableFont_wght.ttf"],"assets/fonts/RockSalt-Regular.ttf":["assets/fonts/RockSalt-Regular.ttf"],"assets/images/.DS_Store":["assets/images/.DS_Store"],"assets/images/5star.png":["assets/images/5star.png"],"assets/images/TC_logo.png":["assets/images/TC_logo.png"],"assets/images/apple_logo.png":["assets/images/apple_logo.png"],"assets/images/blank_profile_picture.png":["assets/images/blank_profile_picture.png"],"assets/images/error.jpg":["assets/images/error.jpg"],"assets/images/facebook.jpg":["assets/images/facebook.jpg"],"assets/images/facebook.png":["assets/images/facebook.png"],"assets/images/google_logo.png":["assets/images/google_logo.png"],"assets/images/instagram.png":["assets/images/instagram.png"],"assets/images/instagram2.png":["assets/images/instagram2.png"],"assets/images/instagram3.png":["assets/images/instagram3.png"],"assets/images/profile.png":["assets/images/profile.png"],"assets/images/sky.jpg":["assets/images/sky.jpg"],"assets/images/space3.jpg":["assets/images/space3.jpg"],"assets/images/travelPics.png":["assets/images/travelPics.png"],"assets/images/twitter.png":["assets/images/twitter.png"],"packages/cupertino_icons/assets/CupertinoIcons.ttf":["packages/cupertino_icons/assets/CupertinoIcons.ttf"],"packages/eva_icons_flutter/lib/fonts/Eva-Icons.ttf":["packages/eva_icons_flutter/lib/fonts/Eva-Icons.ttf"],"packages/flutter_google_places/assets/google_black.png":["packages/flutter_google_places/assets/google_black.png"],"packages/flutter_google_places/assets/google_white.png":["packages/flutter_google_places/assets/google_white.png"],"packages/fluttertoast/assets/toastify.css":["packages/fluttertoast/assets/toastify.css"],"packages/fluttertoast/assets/toastify.js":["packages/fluttertoast/assets/toastify.js"]}