[{"family":"MaterialIcons","fonts":[{"asset":"fonts/MaterialIcons-Regular.otf"}]},{"family":"Raleway","fonts":[{"asset":"assets/fonts/Raleway-VariableFont_wght.ttf"}]},{"family":"Cantata One","fonts":[{"asset":"assets/fonts/CantataOne-Regular.ttf"}]},{"family":"RockSalt","fonts":[{"asset":"assets/fonts/RockSalt-Regular.ttf"}]},{"family":"Lato Black","fonts":[{"asset":"assets/fonts/Lato-Black.ttf"}]},{"family":"Playfair","fonts":[{"asset":"assets/fonts/PlayfairDisplay-VariableFont_wght.ttf"},{"style":"italic","asset":"assets/fonts/PlayfairDisplay-Italic-VariableFont_wght.ttf"}]},{"family":"packages/cupertino_icons/CupertinoIcons","fonts":[{"asset":"packages/cupertino_icons/assets/CupertinoIcons.ttf"}]},{"family":"packages/eva_icons_flutter/EvaIcons","fonts":[{"asset":"packages/eva_icons_flutter/lib/fonts/Eva-Icons.ttf"}]}]